,#,Name,Title,Fed,Rating,B-Year,date
0,1,"Carlsen, Magnus",GM,NOR,2830,1990,2024-01
1,2,"Caruana, Fabiano",GM,USA,2804,1992,2024-01
2,3,"Nakamura, Hikaru",GM,USA,2788,1987,2024-01
3,4,"Ding, Liren",GM,CHN,2780,1992,2024-01
4,5,"Nepomniachtchi, Ian",GM,RUS,2769,1990,2024-01
5,6,"Firouzja, Alireza",GM,FRA,2759,2003,2024-01
6,7,"So, Wesley",GM,USA,2757,1993,2024-01
7,8,"Dominguez Perez, Leinier",GM,USA,2752,1983,2024-01
8,9,"Karjakin, Sergey",GM,RUS,2750,1990,2024-01
9,10,"Giri, Anish",GM,NED,2749,1994,2024-01
10,11,"Anand, Viswanathan",GM,IND,2748,1969,2024-01
11,12,"Keymer, Vincent",GM,GER,2743,2004,2024-01
12,13,Praggnanandhaa R,GM,IND,2743,2005,2024-01
13,14,"Vidit, Santosh Gujrathi",GM,IND,2742,1994,2024-01
14,15,"Maghsoodloo, Parham",GM,IRI,2740,2000,2024-01
15,16,"Wei, Yi",GM,CHN,2740,1999,2024-01
16,17,Erigaisi Arjun,GM,IND,2738,2003,2024-01
17,18,"Vachier-Lagrave, Maxime",GM,FRA,2734,1990,2024-01
18,19,"Duda, Jan-Krzysztof",GM,POL,2732,1998,2024-01
19,20,"Grischuk, Alexander",GM,RUS,2732,1983,2024-01
20,21,"Le, Quang Liem",GM,VIE,2731,1991,2024-01
21,22,"Topalov, Veselin",GM,BUL,2727,1975,2024-01
22,23,"Abdusattorov, Nodirbek",GM,UZB,2727,2004,2024-01
23,24,"Mamedyarov, Shakhriyar",GM,AZE,2726,1985,2024-01
24,25,Gukesh D,GM,IND,2725,2006,2024-01
25,26,"Aronian, Levon",GM,USA,2725,1982,2024-01
26,27,"Radjabov, Teimour",GM,AZE,2723,1987,2024-01
27,28,"Yu, Yangyi",GM,CHN,2720,1994,2024-01
28,29,"Rapport, Richard",GM,HUN,2717,1996,2024-01
29,30,"Artemiev, Vladislav",GM,RUS,2711,1998,2024-01
30,31,"Dubov, Daniil",GM,RUS,2708,1996,2024-01
31,32,"Harikrishna, Pentala",GM,IND,2704,1986,2024-01
32,33,"Eljanov, Pavel",GM,UKR,2704,1983,2024-01
33,34,"Esipenko, Andrey",GM,FID,2704,2002,2024-01
34,35,"Wang, Hao",GM,CHN,2702,1989,2024-01
35,36,"Sindarov, Javokhir",GM,UZB,2701,2005,2024-01
36,37,"Sevian, Samuel",GM,USA,2697,2000,2024-01
37,38,"Tabatabaei, M. Amin",GM,IRI,2696,2001,2024-01
38,39,"Robson, Ray",GM,USA,2696,1994,2024-01
39,40,"Sjugirov, Sanan",GM,HUN,2695,1993,2024-01
40,41,"Sarana, Alexey",GM,SRB,2695,2000,2024-01
41,42,Narayanan S L,GM,IND,2694,1998,2024-01
42,43,Nihal Sarin,GM,IND,2693,2004,2024-01
43,44,"Niemann, Hans Moke",GM,USA,2692,2003,2024-01
44,45,"Fedoseev, Vladimir",GM,SLO,2690,1995,2024-01
45,46,"Deac, Bogdan-Daniel",GM,ROU,2690,2001,2024-01
46,47,"Saric, Ivan",GM,CRO,2689,1990,2024-01
47,48,"Svidler, Peter",GM,FID,2689,1976,2024-01
48,49,"Kasimdzhanov, Rustam",GM,UZB,2688,1979,2024-01
49,50,"Vitiugov, Nikita",GM,ENG,2686,1987,2024-01
50,51,"Bacrot, Etienne",GM,FRA,2683,1983,2024-01
51,52,"Van Foreest, Jorden",GM,NED,2682,1999,2024-01
52,53,"Tomashevsky, Evgeny",GM,RUS,2681,1987,2024-01
53,54,"Navara, David",GM,CZE,2679,1985,2024-01
54,55,"Martirosyan, Haik M.",GM,ARM,2678,2000,2024-01
55,56,"Howell, David W L",GM,ENG,2675,1990,2024-01
56,57,"Adams, Michael",GM,ENG,2674,1971,2024-01
57,58,"Wojtaszek, Radoslaw",GM,POL,2674,1987,2024-01
58,59,"Shankland, Sam",GM,USA,2674,1991,2024-01
59,60,"Grandelius, Nils",GM,SWE,2673,1993,2024-01
60,61,"Sargissian, Gabriel",GM,ARM,2672,1983,2024-01
61,62,"Bu, Xiangzhi",GM,CHN,2671,1985,2024-01
62,63,"Anton Guijarro, David",GM,ESP,2670,1995,2024-01
63,64,"Predke, Alexandr",GM,SRB,2668,1994,2024-01
64,65,"Leko, Peter",GM,HUN,2666,1979,2024-01
65,66,"Yilmaz, Mustafa",GM,TUR,2665,1992,2024-01
66,67,"Oparin, Grigoriy",GM,USA,2664,1997,2024-01
67,68,"Gelfand, Boris",GM,ISR,2664,1968,2024-01
68,69,"Korobov, Anton",GM,UKR,2663,1985,2024-01
69,70,"Volokitin, Andrei",GM,UKR,2663,1986,2024-01
70,71,"Najer, Evgeniy",GM,FID,2663,1977,2024-01
71,72,"Aravindh, Chithambaram VR.",GM,IND,2662,1999,2024-01
72,73,"Matlakov, Maxim",GM,RUS,2662,1991,2024-01
73,74,"Amin, Bassem",GM,EGY,2661,1988,2024-01
74,75,"Yakubboev, Nodirbek",GM,UZB,2661,2002,2024-01
75,76,"Xiong, Jeffery",GM,USA,2659,2000,2024-01
76,77,"Inarkiev, Ernesto",GM,RUS,2658,1985,2024-01
77,78,"Bartel, Mateusz",GM,POL,2657,1985,2024-01
78,79,"Shirov, Alexei",GM,ESP,2657,1972,2024-01
79,80,"Naiditsch, Arkadij",GM,BUL,2657,1985,2024-01
80,81,"Bluebaum, Matthias",GM,GER,2655,1997,2024-01
81,82,"Wang, Yue",GM,CHN,2654,1987,2024-01
82,83,"Sadhwani, Raunak",GM,IND,2654,2005,2024-01
83,84,"Vallejo Pons, Francisco",GM,ESP,2653,1982,2024-01
84,85,"Ma, Qun",GM,CHN,2651,1991,2024-01
85,86,"Li, Chao b",GM,CHN,2651,1989,2024-01
86,87,"Shevchenko, Kirill",GM,ROU,2651,2002,2024-01
87,88,"Mamedov, Rauf",GM,AZE,2651,1988,2024-01
88,89,"Alekseenko, Kirill",GM,AUT,2650,1997,2024-01
89,90,"Kryvoruchko, Yuriy",GM,UKR,2650,1986,2024-01
90,91,"Ter-Sahakyan, Samvel",GM,ARM,2649,1993,2024-01
91,92,"Ni, Hua",GM,CHN,2649,1983,2024-01
92,93,"Malakhov, Vladimir",GM,FID,2648,1980,2024-01
93,94,"Ponomariov, Ruslan",GM,UKR,2647,1983,2024-01
94,95,"Nabaty, Tamir",GM,ISR,2646,1991,2024-01
95,96,"Puranik, Abhimanyu",GM,IND,2645,2000,2024-01
96,97,"Pichot, Alan",GM,ESP,2644,1998,2024-01
97,98,"Grigoryan, Karen H.",GM,ARM,2643,1995,2024-01
98,99,"Donchenko, Alexander",GM,GER,2642,1998,2024-01
99,100,"Lagarde, Maxime",GM,FRA,2642,1994,2024-01
0,1,"Carlsen, Magnus",GM,NOR,2830,1990,2024-02
1,2,"Caruana, Fabiano",GM,USA,2804,1992,2024-02
2,3,"Nakamura, Hikaru",GM,USA,2788,1987,2024-02
3,4,"Giri, Anish",GM,NED,2762,1994,2024-02
4,5,"Ding, Liren",GM,CHN,2762,1992,2024-02
5,6,"Firouzja, Alireza",GM,FRA,2760,2003,2024-02
6,7,"Nepomniachtchi, Ian",GM,RUS,2758,1990,2024-02
7,8,"So, Wesley",GM,USA,2757,1993,2024-02
8,9,"Wei, Yi",GM,CHN,2755,1999,2024-02
9,10,"Dominguez Perez, Leinier",GM,USA,2752,1983,2024-02
10,11,"Karjakin, Sergey",GM,RUS,2750,1990,2024-02
11,12,"Anand, Viswanathan",GM,IND,2748,1969,2024-02
12,13,"Vidit, Santosh Gujrathi",GM,IND,2747,1994,2024-02
13,14,Praggnanandhaa R,GM,IND,2747,2005,2024-02
14,15,"Abdusattorov, Nodirbek",GM,UZB,2744,2004,2024-02
15,16,Gukesh D,GM,IND,2743,2006,2024-02
16,17,"Keymer, Vincent",GM,GER,2738,2004,2024-02
17,18,Erigaisi Arjun,GM,IND,2738,2003,2024-02
18,19,"Vachier-Lagrave, Maxime",GM,FRA,2732,1990,2024-02
19,20,"Grischuk, Alexander",GM,RUS,2732,1983,2024-02
20,21,"Duda, Jan-Krzysztof",GM,POL,2732,1998,2024-02
21,22,"Le, Quang Liem",GM,VIE,2731,1991,2024-02
22,23,"Topalov, Veselin",GM,BUL,2727,1975,2024-02
23,24,"Aronian, Levon",GM,USA,2725,1982,2024-02
24,25,"Radjabov, Teimour",GM,AZE,2723,1987,2024-02
25,26,"Mamedyarov, Shakhriyar",GM,AZE,2722,1985,2024-02
26,27,"Yu, Yangyi",GM,CHN,2720,1994,2024-02
27,28,"Rapport, Richard",GM,HUN,2717,1996,2024-02
28,29,"Maghsoodloo, Parham",GM,IRI,2715,2000,2024-02
29,30,"Artemiev, Vladislav",GM,RUS,2711,1998,2024-02
30,31,"Harikrishna, Pentala",GM,IND,2708,1986,2024-02
31,32,"Dubov, Daniil",GM,RUS,2708,1996,2024-02
32,33,"Esipenko, Andrey",GM,FID,2704,2002,2024-02
33,34,"Wang, Hao",GM,CHN,2702,1989,2024-02
34,35,"Sindarov, Javokhir",GM,UZB,2701,2005,2024-02
35,36,"Eljanov, Pavel",GM,UKR,2699,1983,2024-02
36,37,"Sarana, Alexey",GM,SRB,2697,2000,2024-02
37,38,"Sevian, Samuel",GM,USA,2697,2000,2024-02
38,39,"Robson, Ray",GM,USA,2696,1994,2024-02
39,40,"Tabatabaei, M. Amin",GM,IRI,2696,2001,2024-02
40,41,"Sjugirov, Sanan",GM,HUN,2695,1993,2024-02
41,42,Narayanan S L,GM,IND,2694,1998,2024-02
42,43,Nihal Sarin,GM,IND,2693,2004,2024-02
43,44,"Fedoseev, Vladimir",GM,SLO,2690,1995,2024-02
44,45,"Deac, Bogdan-Daniel",GM,ROU,2690,2001,2024-02
45,46,"Svidler, Peter",GM,FID,2689,1976,2024-02
46,47,"Vitiugov, Nikita",GM,ENG,2687,1987,2024-02
47,48,"Kasimdzhanov, Rustam",GM,UZB,2687,1979,2024-02
48,49,"Bacrot, Etienne",GM,FRA,2683,1983,2024-02
49,50,"Martirosyan, Haik M.",GM,ARM,2681,2000,2024-02
50,51,"Tomashevsky, Evgeny",GM,RUS,2681,1987,2024-02
51,52,"Saric, Ivan",GM,CRO,2680,1990,2024-02
52,53,"Niemann, Hans Moke",GM,USA,2675,2003,2024-02
53,54,"Howell, David W L",GM,ENG,2675,1990,2024-02
54,55,"Shankland, Sam",GM,USA,2674,1991,2024-02
55,56,"Adams, Michael",GM,ENG,2673,1971,2024-02
56,57,"Anton Guijarro, David",GM,ESP,2672,1995,2024-02
57,58,"Oparin, Grigoriy",GM,USA,2671,1997,2024-02
58,59,"Amin, Bassem",GM,EGY,2671,1988,2024-02
59,60,"Sargissian, Gabriel",GM,ARM,2671,1983,2024-02
60,61,"Bu, Xiangzhi",GM,CHN,2671,1985,2024-02
61,62,"Van Foreest, Jorden",GM,NED,2668,1999,2024-02
62,63,"Navara, David",GM,CZE,2667,1985,2024-02
63,64,"Korobov, Anton",GM,UKR,2666,1985,2024-02
64,65,"Wojtaszek, Radoslaw",GM,POL,2666,1987,2024-02
65,66,"Predke, Alexandr",GM,SRB,2666,1994,2024-02
66,67,"Leko, Peter",GM,HUN,2666,1979,2024-02
67,68,"Grandelius, Nils",GM,SWE,2665,1993,2024-02
68,69,"Gelfand, Boris",GM,ISR,2664,1968,2024-02
69,70,"Volokitin, Andrei",GM,UKR,2663,1986,2024-02
70,71,"Najer, Evgeniy",GM,FID,2663,1977,2024-02
71,72,"Aravindh, Chithambaram VR.",GM,IND,2662,1999,2024-02
72,73,"Matlakov, Maxim",GM,RUS,2662,1991,2024-02
73,74,"Shevchenko, Kirill",GM,ROU,2661,2002,2024-02
74,75,"Naiditsch, Arkadij",GM,BUL,2661,1985,2024-02
75,76,"Yakubboev, Nodirbek",GM,UZB,2661,2002,2024-02
76,77,"Bartel, Mateusz",GM,POL,2660,1985,2024-02
77,78,"Shirov, Alexei",GM,ESP,2660,1972,2024-02
78,79,"Xiong, Jeffery",GM,USA,2659,2000,2024-02
79,80,"Bluebaum, Matthias",GM,GER,2658,1997,2024-02
80,81,"Inarkiev, Ernesto",GM,RUS,2658,1985,2024-02
81,82,"Kryvoruchko, Yuriy",GM,UKR,2657,1986,2024-02
82,83,"Wang, Yue",GM,CHN,2654,1987,2024-02
83,84,"Sadhwani, Raunak",GM,IND,2654,2005,2024-02
84,85,"Vallejo Pons, Francisco",GM,ESP,2653,1982,2024-02
85,86,"Li, Chao b",GM,CHN,2651,1989,2024-02
86,87,"Ma, Qun",GM,CHN,2651,1991,2024-02
87,88,"Mamedov, Rauf",GM,AZE,2651,1988,2024-02
88,89,"Alekseenko, Kirill",GM,AUT,2650,1997,2024-02
89,90,"Ni, Hua",GM,CHN,2649,1983,2024-02
90,91,"Malakhov, Vladimir",GM,FID,2648,1980,2024-02
91,92,"Ponomariov, Ruslan",GM,UKR,2647,1983,2024-02
92,93,"Pichot, Alan",GM,ESP,2644,1998,2024-02
93,94,"Liang, Awonder",GM,USA,2642,2003,2024-02
94,95,"Bjerre, Jonas Buhl",GM,DEN,2642,2004,2024-02
95,96,"Abasov, Nijat",GM,AZE,2641,1995,2024-02
96,97,"Ter-Sahakyan, Samvel",GM,ARM,2640,1993,2024-02
97,98,"Melkumyan, Hrant",GM,ARM,2640,1989,2024-02
98,99,"Nabaty, Tamir",GM,ISR,2639,1991,2024-02
99,100,"Brkic, Ante",GM,CRO,2638,1988,2024-02
0,1,"Carlsen, Magnus",GM,NOR,2830,1990,2024-03
1,2,"Caruana, Fabiano",GM,USA,2804,1992,2024-03
2,3,"Nakamura, Hikaru",GM,USA,2789,1987,2024-03
3,4,"Ding, Liren",GM,CHN,2762,1992,2024-03
4,5,"Giri, Anish",GM,NED,2762,1994,2024-03
5,6,"Firouzja, Alireza",GM,FRA,2760,2003,2024-03
6,7,"Nepomniachtchi, Ian",GM,RUS,2758,1990,2024-03
7,8,"So, Wesley",GM,USA,2757,1993,2024-03
8,9,"Wei, Yi",GM,CHN,2755,1999,2024-03
9,10,"Anand, Viswanathan",GM,IND,2751,1969,2024-03
10,11,"Abdusattorov, Nodirbek",GM,UZB,2750,2004,2024-03
11,12,"Karjakin, Sergey",GM,RUS,2750,1990,2024-03
12,13,"Dominguez Perez, Leinier",GM,USA,2749,1983,2024-03
13,14,Erigaisi Arjun,GM,IND,2748,2003,2024-03
14,15,Gukesh D,GM,IND,2747,2006,2024-03
15,16,Praggnanandhaa R,GM,IND,2747,2005,2024-03
16,17,"Vidit, Santosh Gujrathi",GM,IND,2747,1994,2024-03
17,18,"Keymer, Vincent",GM,GER,2738,2004,2024-03
18,19,"Mamedyarov, Shakhriyar",GM,AZE,2734,1985,2024-03
19,20,"Grischuk, Alexander",GM,RUS,2732,1983,2024-03
20,21,"Duda, Jan-Krzysztof",GM,POL,2731,1998,2024-03
21,22,"Le, Quang Liem",GM,VIE,2731,1991,2024-03
22,23,"Vachier-Lagrave, Maxime",GM,FRA,2728,1990,2024-03
23,24,"Topalov, Veselin",GM,BUL,2727,1975,2024-03
24,25,"Radjabov, Teimour",GM,AZE,2723,1987,2024-03
25,26,"Aronian, Levon",GM,USA,2722,1982,2024-03
26,27,"Rapport, Richard",GM,HUN,2720,1996,2024-03
27,28,"Yu, Yangyi",GM,CHN,2720,1994,2024-03
28,29,"Maghsoodloo, Parham",GM,IRI,2717,2000,2024-03
29,30,"Artemiev, Vladislav",GM,RUS,2711,1998,2024-03
30,31,"Dubov, Daniil",GM,RUS,2708,1996,2024-03
31,32,"Eljanov, Pavel",GM,UKR,2706,1983,2024-03
32,33,"Esipenko, Andrey",GM,FID,2702,2002,2024-03
33,34,"Wang, Hao",GM,CHN,2702,1989,2024-03
34,35,"Harikrishna, Pentala",GM,IND,2701,1986,2024-03
35,36,"Sindarov, Javokhir",GM,UZB,2701,2005,2024-03
36,37,"Sarana, Alexey",GM,SRB,2699,2000,2024-03
37,38,Nihal Sarin,GM,IND,2698,2004,2024-03
38,39,"Sevian, Samuel",GM,USA,2697,2000,2024-03
39,40,"Robson, Ray",GM,USA,2696,1994,2024-03
40,41,"Tabatabaei, M. Amin",GM,IRI,2696,2001,2024-03
41,42,Narayanan S L,GM,IND,2695,1998,2024-03
42,43,"Sjugirov, Sanan",GM,HUN,2690,1993,2024-03
43,44,"Deac, Bogdan-Daniel",GM,ROU,2690,2001,2024-03
44,45,"Fedoseev, Vladimir",GM,SLO,2690,1995,2024-03
45,46,"Svidler, Peter",GM,FID,2689,1976,2024-03
46,47,"Vitiugov, Nikita",GM,ENG,2688,1987,2024-03
47,48,"Kasimdzhanov, Rustam",GM,UZB,2687,1979,2024-03
48,49,"Martirosyan, Haik M.",GM,ARM,2681,2000,2024-03
49,50,"Tomashevsky, Evgeny",GM,RUS,2681,1987,2024-03
50,51,"Bacrot, Etienne",GM,FRA,2680,1983,2024-03
51,52,"Niemann, Hans Moke",GM,USA,2676,2003,2024-03
52,53,"Howell, David W L",GM,ENG,2675,1990,2024-03
53,54,"Shankland, Sam",GM,USA,2674,1991,2024-03
54,55,"Van Foreest, Jorden",GM,NED,2672,1999,2024-03
55,56,"Adams, Michael",GM,ENG,2671,1971,2024-03
56,57,"Wojtaszek, Radoslaw",GM,POL,2671,1987,2024-03
57,58,"Anton Guijarro, David",GM,ESP,2671,1995,2024-03
58,59,"Sargissian, Gabriel",GM,ARM,2671,1983,2024-03
59,60,"Bu, Xiangzhi",GM,CHN,2671,1985,2024-03
60,61,"Oparin, Grigoriy",GM,USA,2671,1997,2024-03
61,62,"Amin, Bassem",GM,EGY,2670,1988,2024-03
62,63,"Saric, Ivan",GM,CRO,2670,1990,2024-03
63,64,"Shevchenko, Kirill",GM,ROU,2670,2002,2024-03
64,65,"Navara, David",GM,CZE,2669,1985,2024-03
65,66,"Volokitin, Andrei",GM,UKR,2667,1986,2024-03
66,67,"Leko, Peter",GM,HUN,2666,1979,2024-03
67,68,"Predke, Alexandr",GM,SRB,2665,1994,2024-03
68,69,"Grandelius, Nils",GM,SWE,2664,1993,2024-03
69,70,"Najer, Evgeniy",GM,FID,2663,1977,2024-03
70,71,"Korobov, Anton",GM,UKR,2662,1985,2024-03
71,72,"Aravindh, Chithambaram VR.",GM,IND,2662,1999,2024-03
72,73,"Matlakov, Maxim",GM,RUS,2662,1991,2024-03
73,74,"Naiditsch, Arkadij",GM,BUL,2661,1985,2024-03
74,75,"Yakubboev, Nodirbek",GM,UZB,2661,2002,2024-03
75,76,"Gelfand, Boris",GM,ISR,2660,1968,2024-03
76,77,"Shirov, Alexei",GM,ESP,2658,1972,2024-03
77,78,"Inarkiev, Ernesto",GM,RUS,2658,1985,2024-03
78,79,"Bluebaum, Matthias",GM,GER,2655,1997,2024-03
79,80,"Kryvoruchko, Yuriy",GM,UKR,2654,1986,2024-03
80,81,"Wang, Yue",GM,CHN,2654,1987,2024-03
81,82,"Vallejo Pons, Francisco",GM,ESP,2653,1982,2024-03
82,83,"Li, Chao b",GM,CHN,2651,1989,2024-03
83,84,"Ma, Qun",GM,CHN,2651,1991,2024-03
84,85,"Mamedov, Rauf",GM,AZE,2651,1988,2024-03
85,86,"Bartel, Mateusz",GM,POL,2650,1985,2024-03
86,87,"Alekseenko, Kirill",GM,AUT,2650,1997,2024-03
87,88,"Sadhwani, Raunak",GM,IND,2649,2005,2024-03
88,89,"Ni, Hua",GM,CHN,2649,1983,2024-03
89,90,"Malakhov, Vladimir",GM,FID,2648,1980,2024-03
90,91,"Ter-Sahakyan, Samvel",GM,ARM,2646,1993,2024-03
91,92,"Ponomariov, Ruslan",GM,UKR,2646,1983,2024-03
92,93,"Xiong, Jeffery",GM,USA,2645,2000,2024-03
93,94,"Bjerre, Jonas Buhl",GM,DEN,2644,2004,2024-03
94,95,"Pichot, Alan",GM,ESP,2644,1998,2024-03
95,96,"Liang, Awonder",GM,USA,2642,2003,2024-03
96,97,"Yilmaz, Mustafa",GM,TUR,2641,1992,2024-03
97,98,"Melkumyan, Hrant",GM,ARM,2640,1989,2024-03
98,99,"Lagarde, Maxime",GM,FRA,2638,1994,2024-03
99,100,"Cheparinov, Ivan",GM,BUL,2638,1986,2024-03
0,1,"Carlsen, Magnus",GM,NOR,2830,1990,2024-04
1,2,"Caruana, Fabiano",GM,USA,2803,1992,2024-04
2,3,"Nakamura, Hikaru",GM,USA,2789,1987,2024-04
3,4,"Abdusattorov, Nodirbek",GM,UZB,2765,2004,2024-04
4,5,"Ding, Liren",GM,CHN,2762,1992,2024-04
5,6,"Firouzja, Alireza",GM,FRA,2760,2003,2024-04
6,7,"Nepomniachtchi, Ian",GM,RUS,2758,1990,2024-04
7,8,"So, Wesley",GM,USA,2757,1993,2024-04
8,9,Erigaisi Arjun,GM,IND,2756,2003,2024-04
9,10,"Wei, Yi",GM,CHN,2755,1999,2024-04
10,11,"Anand, Viswanathan",GM,IND,2751,1969,2024-04
11,12,"Karjakin, Sergey",GM,RUS,2750,1990,2024-04
12,13,"Dominguez Perez, Leinier",GM,USA,2748,1983,2024-04
13,14,Praggnanandhaa R,GM,IND,2747,2005,2024-04
14,15,"Giri, Anish",GM,NED,2745,1994,2024-04
15,16,Gukesh D,GM,IND,2743,2006,2024-04
16,17,"Mamedyarov, Shakhriyar",GM,AZE,2733,1985,2024-04
17,18,"Maghsoodloo, Parham",GM,IRI,2732,2000,2024-04
18,19,"Vachier-Lagrave, Maxime",GM,FRA,2732,1990,2024-04
19,20,"Le, Quang Liem",GM,VIE,2731,1991,2024-04
20,21,"Duda, Jan-Krzysztof",GM,POL,2731,1998,2024-04
21,22,"Aronian, Levon",GM,USA,2729,1982,2024-04
22,23,"Grischuk, Alexander",GM,RUS,2728,1983,2024-04
23,24,"Yu, Yangyi",GM,CHN,2728,1994,2024-04
24,25,"Vidit, Santosh Gujrathi",GM,IND,2727,1994,2024-04
25,26,"Topalov, Veselin",GM,BUL,2727,1975,2024-04
26,27,"Keymer, Vincent",GM,GER,2726,2004,2024-04
27,28,"Radjabov, Teimour",GM,AZE,2723,1987,2024-04
28,29,"Rapport, Richard",GM,HUN,2719,1996,2024-04
29,30,"Tabatabaei, M. Amin",GM,IRI,2707,2001,2024-04
30,31,"Dubov, Daniil",GM,RUS,2707,1996,2024-04
31,32,"Eljanov, Pavel",GM,UKR,2706,1983,2024-04
32,33,"Artemiev, Vladislav",GM,RUS,2705,1998,2024-04
33,34,"Esipenko, Andrey",GM,FID,2703,2002,2024-04
34,35,"Sarana, Alexey",GM,SRB,2703,2000,2024-04
35,36,"Wang, Hao",GM,CHN,2702,1989,2024-04
36,37,"Harikrishna, Pentala",GM,IND,2701,1986,2024-04
37,38,"Sevian, Samuel",GM,USA,2698,2000,2024-04
38,39,Nihal Sarin,GM,IND,2698,2004,2024-04
39,40,"Robson, Ray",GM,USA,2695,1994,2024-04
40,41,Narayanan S L,GM,IND,2695,1998,2024-04
41,42,"Deac, Bogdan-Daniel",GM,ROU,2692,2001,2024-04
42,43,"Fedoseev, Vladimir",GM,SLO,2690,1995,2024-04
43,44,"Sjugirov, Sanan",GM,HUN,2689,1993,2024-04
44,45,"Svidler, Peter",GM,FID,2689,1976,2024-04
45,46,"Vitiugov, Nikita",GM,ENG,2688,1987,2024-04
46,47,"Bacrot, Etienne",GM,FRA,2686,1983,2024-04
47,48,"Kasimdzhanov, Rustam",GM,UZB,2685,1979,2024-04
48,49,"Bu, Xiangzhi",GM,CHN,2684,1985,2024-04
49,50,"Sindarov, Javokhir",GM,UZB,2684,2005,2024-04
50,51,"Tomashevsky, Evgeny",GM,RUS,2681,1987,2024-04
51,52,"Navara, David",GM,CZE,2678,1985,2024-04
52,53,"Martirosyan, Haik M.",GM,ARM,2678,2000,2024-04
53,54,"Amin, Bassem",GM,EGY,2677,1988,2024-04
54,55,"Niemann, Hans Moke",GM,USA,2676,2003,2024-04
55,56,"Shevchenko, Kirill",GM,ROU,2675,2002,2024-04
56,57,"Howell, David W L",GM,ENG,2675,1990,2024-04
57,58,"Volokitin, Andrei",GM,UKR,2674,1986,2024-04
58,59,"Predke, Alexandr",GM,SRB,2673,1994,2024-04
59,60,"Anton Guijarro, David",GM,ESP,2673,1995,2024-04
60,61,"Adams, Michael",GM,ENG,2672,1971,2024-04
61,62,"Shankland, Sam",GM,USA,2671,1991,2024-04
62,63,"Wojtaszek, Radoslaw",GM,POL,2671,1987,2024-04
63,64,"Sargissian, Gabriel",GM,ARM,2671,1983,2024-04
64,65,"Saric, Ivan",GM,CRO,2670,1990,2024-04
65,66,"Oparin, Grigoriy",GM,USA,2670,1997,2024-04
66,67,"Van Foreest, Jorden",GM,NED,2668,1999,2024-04
67,68,"Leko, Peter",GM,HUN,2666,1979,2024-04
68,69,"Yakubboev, Nodirbek",GM,UZB,2665,2002,2024-04
69,70,"Grandelius, Nils",GM,SWE,2664,1993,2024-04
70,71,"Najer, Evgeniy",GM,FID,2663,1977,2024-04
71,72,"Aravindh, Chithambaram VR.",GM,IND,2662,1999,2024-04
72,73,"Matlakov, Maxim",GM,RUS,2662,1991,2024-04
73,74,"Gelfand, Boris",GM,ISR,2661,1968,2024-04
74,75,"Shirov, Alexei",GM,ESP,2661,1972,2024-04
75,76,"Naiditsch, Arkadij",GM,BUL,2661,1985,2024-04
76,77,"Inarkiev, Ernesto",GM,RUS,2658,1985,2024-04
77,78,"Vallejo Pons, Francisco",GM,ESP,2657,1982,2024-04
78,79,"Alekseenko, Kirill",GM,AUT,2655,1997,2024-04
79,80,"Kryvoruchko, Yuriy",GM,UKR,2654,1986,2024-04
80,81,"Sadhwani, Raunak",GM,IND,2654,2005,2024-04
81,82,"Wang, Yue",GM,CHN,2654,1987,2024-04
82,83,"Korobov, Anton",GM,UKR,2651,1985,2024-04
83,84,"Li, Chao b",GM,CHN,2651,1989,2024-04
84,85,"Mamedov, Rauf",GM,AZE,2651,1988,2024-04
85,86,"Bluebaum, Matthias",GM,GER,2649,1997,2024-04
86,87,"Ni, Hua",GM,CHN,2649,1983,2024-04
87,88,"Malakhov, Vladimir",GM,FID,2648,1980,2024-04
88,89,"Bartel, Mateusz",GM,POL,2647,1985,2024-04
89,90,"Bjerre, Jonas Buhl",GM,DEN,2646,2004,2024-04
90,91,"Ponomariov, Ruslan",GM,UKR,2646,1983,2024-04
91,92,"Xiong, Jeffery",GM,USA,2645,2000,2024-04
92,93,"Ter-Sahakyan, Samvel",GM,ARM,2644,1993,2024-04
93,94,"Pichot, Alan",GM,ESP,2644,1998,2024-04
94,95,"Brkic, Ante",GM,CRO,2643,1988,2024-04
95,96,"Nguyen, Thai Dai Van",GM,CZE,2643,2001,2024-04
96,97,"Nabaty, Tamir",GM,ISR,2643,1991,2024-04
97,98,"Liang, Awonder",GM,USA,2642,2003,2024-04
98,99,"Ma, Qun",GM,CHN,2641,1991,2024-04
99,100,"Yilmaz, Mustafa",GM,TUR,2641,1992,2024-04
0,1,"Carlsen, Magnus",GM,NOR,2830,1990,2024-05
1,2,"Caruana, Fabiano",GM,USA,2805,1992,2024-05
2,3,"Nakamura, Hikaru",GM,USA,2794,1987,2024-05
3,4,"Nepomniachtchi, Ian",GM,RUS,2770,1990,2024-05
4,5,"Abdusattorov, Nodirbek",GM,UZB,2765,2004,2024-05
5,6,Gukesh D,GM,IND,2763,2006,2024-05
6,7,"Ding, Liren",GM,CHN,2762,1992,2024-05
7,8,Erigaisi Arjun,GM,IND,2761,2003,2024-05
8,9,"So, Wesley",GM,USA,2757,1993,2024-05
9,10,"Wei, Yi",GM,CHN,2755,1999,2024-05
10,11,"Anand, Viswanathan",GM,IND,2751,1969,2024-05
11,12,"Karjakin, Sergey",GM,RUS,2750,1990,2024-05
12,13,"Dominguez Perez, Leinier",GM,USA,2748,1983,2024-05
13,14,Praggnanandhaa R,GM,IND,2747,2005,2024-05
14,15,"Giri, Anish",GM,NED,2745,1994,2024-05
15,16,"Firouzja, Alireza",GM,FRA,2737,2003,2024-05
16,17,"Mamedyarov, Shakhriyar",GM,AZE,2734,1985,2024-05
17,18,"Duda, Jan-Krzysztof",GM,POL,2733,1998,2024-05
18,19,"Maghsoodloo, Parham",GM,IRI,2732,2000,2024-05
19,20,"Vachier-Lagrave, Maxime",GM,FRA,2732,1990,2024-05
20,21,"Le, Quang Liem",GM,VIE,2731,1991,2024-05
21,22,"Aronian, Levon",GM,USA,2729,1982,2024-05
22,23,"Yu, Yangyi",GM,CHN,2728,1994,2024-05
23,24,"Grischuk, Alexander",GM,RUS,2728,1983,2024-05
24,25,"Topalov, Veselin",GM,BUL,2727,1975,2024-05
25,26,"Keymer, Vincent",GM,GER,2726,2004,2024-05
26,27,"Radjabov, Teimour",GM,AZE,2723,1987,2024-05
27,28,"Vidit, Santosh Gujrathi",GM,IND,2721,1994,2024-05
28,29,"Rapport, Richard",GM,HUN,2715,1996,2024-05
29,30,"Dubov, Daniil",GM,RUS,2707,1996,2024-05
30,31,"Tabatabaei, M. Amin",GM,IRI,2707,2001,2024-05
31,32,"Sarana, Alexey",GM,SRB,2706,2000,2024-05
32,33,"Artemiev, Vladislav",GM,RUS,2705,1998,2024-05
33,34,"Esipenko, Andrey",GM,FID,2703,2002,2024-05
34,35,"Wang, Hao",GM,CHN,2702,1989,2024-05
35,36,"Fedoseev, Vladimir",GM,SLO,2701,1995,2024-05
36,37,"Harikrishna, Pentala",GM,IND,2699,1986,2024-05
37,38,"Sevian, Samuel",GM,USA,2698,2000,2024-05
38,39,"Saric, Ivan",GM,CRO,2695,1990,2024-05
39,40,"Robson, Ray",GM,USA,2695,1994,2024-05
40,41,Narayanan S L,GM,IND,2695,1998,2024-05
41,42,"Deac, Bogdan-Daniel",GM,ROU,2692,2001,2024-05
42,43,"Sjugirov, Sanan",GM,HUN,2691,1993,2024-05
43,44,"Bu, Xiangzhi",GM,CHN,2689,1985,2024-05
44,45,"Svidler, Peter",GM,FID,2689,1976,2024-05
45,46,"Niemann, Hans Moke",GM,USA,2688,2003,2024-05
46,47,"Vitiugov, Nikita",GM,ENG,2688,1987,2024-05
47,48,"Kasimdzhanov, Rustam",GM,UZB,2685,1979,2024-05
48,49,"Bacrot, Etienne",GM,FRA,2684,1983,2024-05
49,50,"Sindarov, Javokhir",GM,UZB,2684,2005,2024-05
50,51,"Shevchenko, Kirill",GM,ROU,2682,2002,2024-05
51,52,"Amin, Bassem",GM,EGY,2682,1988,2024-05
52,53,"Tomashevsky, Evgeny",GM,RUS,2681,1987,2024-05
53,54,Nihal Sarin,GM,IND,2680,2004,2024-05
54,55,"Navara, David",GM,CZE,2678,1985,2024-05
55,56,"Martirosyan, Haik M.",GM,ARM,2678,2000,2024-05
56,57,"Alekseenko, Kirill",GM,AUT,2677,1997,2024-05
57,58,"Eljanov, Pavel",GM,UKR,2676,1983,2024-05
58,59,"Oparin, Grigoriy",GM,USA,2676,1997,2024-05
59,60,"Adams, Michael",GM,ENG,2676,1971,2024-05
60,61,"Howell, David W L",GM,ENG,2675,1990,2024-05
61,62,"Shankland, Sam",GM,USA,2671,1991,2024-05
62,63,"Wojtaszek, Radoslaw",GM,POL,2671,1987,2024-05
63,64,"Sargissian, Gabriel",GM,ARM,2671,1983,2024-05
64,65,"Aravindh, Chithambaram VR.",GM,IND,2670,1999,2024-05
65,66,"Anton Guijarro, David",GM,ESP,2669,1995,2024-05
66,67,"Predke, Alexandr",GM,SRB,2667,1994,2024-05
67,68,"Shirov, Alexei",GM,ESP,2667,1972,2024-05
68,69,"Volokitin, Andrei",GM,UKR,2667,1986,2024-05
69,70,"Leko, Peter",GM,HUN,2666,1979,2024-05
70,71,"Yakubboev, Nodirbek",GM,UZB,2665,2002,2024-05
71,72,"Van Foreest, Jorden",GM,NED,2664,1999,2024-05
72,73,"Grandelius, Nils",GM,SWE,2664,1993,2024-05
73,74,"Najer, Evgeniy",GM,FID,2663,1977,2024-05
74,75,"Matlakov, Maxim",GM,RUS,2662,1991,2024-05
75,76,"Naiditsch, Arkadij",GM,BUL,2661,1985,2024-05
76,77,"Gelfand, Boris",GM,ISR,2658,1968,2024-05
77,78,"Inarkiev, Ernesto",GM,RUS,2658,1985,2024-05
78,79,"Vallejo Pons, Francisco",GM,ESP,2657,1982,2024-05
79,80,"Sadhwani, Raunak",GM,IND,2654,2005,2024-05
80,81,"Bjerre, Jonas Buhl",GM,DEN,2653,2004,2024-05
81,82,"Warmerdam, Max",GM,NED,2652,2000,2024-05
82,83,"Christiansen, Johan-Sebastian",GM,NOR,2651,1998,2024-05
83,84,"Korobov, Anton",GM,UKR,2651,1985,2024-05
84,85,"Mamedov, Rauf",GM,AZE,2651,1988,2024-05
85,86,"Ter-Sahakyan, Samvel",GM,ARM,2650,1993,2024-05
86,87,"Kryvoruchko, Yuriy",GM,UKR,2650,1986,2024-05
87,88,"Nguyen, Thai Dai Van",GM,CZE,2649,2001,2024-05
88,89,"Ni, Hua",GM,CHN,2649,1983,2024-05
89,90,"Kollars, Dmitrij",GM,GER,2648,1999,2024-05
90,91,"Malakhov, Vladimir",GM,FID,2648,1980,2024-05
91,92,"Bluebaum, Matthias",GM,GER,2647,1997,2024-05
92,93,"Wang, Yue",GM,CHN,2647,1987,2024-05
93,94,"Chigaev, Maksim",GM,ESP,2646,1996,2024-05
94,95,"Melkumyan, Hrant",GM,ARM,2646,1989,2024-05
95,96,"Ponomariov, Ruslan",GM,UKR,2646,1983,2024-05
96,97,"Li, Chao b",GM,CHN,2645,1989,2024-05
97,98,"Bartel, Mateusz",GM,POL,2645,1985,2024-05
98,99,"Xiong, Jeffery",GM,USA,2645,2000,2024-05
99,100,"Ma, Qun",GM,CHN,2643,1991,2024-05
0,1,"Carlsen, Magnus",GM,NOR,2830,1990,2024-06
1,2,"Caruana, Fabiano",GM,USA,2805,1992,2024-06
2,3,"Nakamura, Hikaru",GM,USA,2794,1987,2024-06
3,4,"Nepomniachtchi, Ian",GM,RUS,2770,1990,2024-06
4,5,"Abdusattorov, Nodirbek",GM,UZB,2766,2004,2024-06
5,6,Gukesh D,GM,IND,2763,2006,2024-06
6,7,"Ding, Liren",GM,CHN,2762,1992,2024-06
7,8,Erigaisi Arjun,GM,IND,2761,2003,2024-06
8,9,"So, Wesley",GM,USA,2757,1993,2024-06
9,10,"Wei, Yi",GM,CHN,2755,1999,2024-06
10,11,"Anand, Viswanathan",GM,IND,2751,1969,2024-06
11,12,"Dominguez Perez, Leinier",GM,USA,2748,1983,2024-06
12,13,Praggnanandhaa R,GM,IND,2747,2005,2024-06
13,14,"Giri, Anish",GM,NED,2745,1994,2024-06
14,15,"Firouzja, Alireza",GM,FRA,2737,2003,2024-06
15,16,"Mamedyarov, Shakhriyar",GM,AZE,2734,1985,2024-06
16,17,"Maghsoodloo, Parham",GM,IRI,2733,2000,2024-06
17,18,"Duda, Jan-Krzysztof",GM,POL,2733,1998,2024-06
18,19,"Vachier-Lagrave, Maxime",GM,FRA,2732,1990,2024-06
19,20,"Le, Quang Liem",GM,VIE,2731,1991,2024-06
20,21,"Aronian, Levon",GM,USA,2729,1982,2024-06
21,22,"Topalov, Veselin",GM,BUL,2727,1975,2024-06
22,23,"Keymer, Vincent",GM,GER,2721,2004,2024-06
23,24,"Vidit, Santosh Gujrathi",GM,IND,2721,1994,2024-06
24,25,"Grischuk, Alexander",GM,RUS,2719,1983,2024-06
25,26,"Yu, Yangyi",GM,CHN,2715,1994,2024-06
26,27,"Rapport, Richard",GM,HUN,2715,1996,2024-06
27,28,"Tabatabaei, M. Amin",GM,IRI,2713,2001,2024-06
28,29,"Sarana, Alexey",GM,SRB,2712,2000,2024-06
29,30,"Radjabov, Teimour",GM,AZE,2704,1987,2024-06
30,31,"Wang, Hao",GM,CHN,2702,1989,2024-06
31,32,"Dubov, Daniil",GM,RUS,2701,1996,2024-06
32,33,"Harikrishna, Pentala",GM,IND,2699,1986,2024-06
33,34,"Svidler, Peter",GM,FID,2698,1976,2024-06
34,35,"Robson, Ray",GM,USA,2695,1994,2024-06
35,36,"Artemiev, Vladislav",GM,RUS,2694,1998,2024-06
36,37,"Saric, Ivan",GM,CRO,2690,1990,2024-06
37,38,"Bu, Xiangzhi",GM,CHN,2689,1985,2024-06
38,39,"Niemann, Hans Moke",GM,USA,2688,2003,2024-06
39,40,"Vitiugov, Nikita",GM,ENG,2688,1987,2024-06
40,41,"Sevian, Samuel",GM,USA,2687,2000,2024-06
41,42,"Fedoseev, Vladimir",GM,SLO,2685,1995,2024-06
42,43,"Kasimdzhanov, Rustam",GM,UZB,2685,1979,2024-06
43,44,"Aravindh, Chithambaram VR.",GM,IND,2684,1999,2024-06
44,45,"Amin, Bassem",GM,EGY,2684,1988,2024-06
45,46,"Bacrot, Etienne",GM,FRA,2684,1983,2024-06
46,47,"Shankland, Sam",GM,USA,2683,1991,2024-06
47,48,"Navara, David",GM,CZE,2682,1985,2024-06
48,49,"Tomashevsky, Evgeny",GM,RUS,2681,1987,2024-06
49,50,"Shevchenko, Kirill",GM,ROU,2680,2002,2024-06
50,51,"Deac, Bogdan-Daniel",GM,ROU,2680,2001,2024-06
51,52,"Esipenko, Andrey",GM,FID,2677,2002,2024-06
52,53,"Alekseenko, Kirill",GM,AUT,2677,1997,2024-06
53,54,"Howell, David W L",GM,ENG,2675,1990,2024-06
54,55,"Eljanov, Pavel",GM,UKR,2671,1983,2024-06
55,56,"Wojtaszek, Radoslaw",GM,POL,2671,1987,2024-06
56,57,"Adams, Michael",GM,ENG,2670,1971,2024-06
57,58,Nihal Sarin,GM,IND,2669,2004,2024-06
58,59,"Anton Guijarro, David",GM,ESP,2669,1995,2024-06
59,60,"Sindarov, Javokhir",GM,UZB,2668,2005,2024-06
60,61,Narayanan S L,GM,IND,2668,1998,2024-06
61,62,"Volokitin, Andrei",GM,UKR,2667,1986,2024-06
62,63,"Predke, Alexandr",GM,SRB,2667,1994,2024-06
63,64,"Van Foreest, Jorden",GM,NED,2665,1999,2024-06
64,65,"Oparin, Grigoriy",GM,USA,2665,1997,2024-06
65,66,"Najer, Evgeniy",GM,FID,2663,1977,2024-06
66,67,"Martirosyan, Haik M.",GM,ARM,2662,2000,2024-06
67,68,"Sjugirov, Sanan",GM,HUN,2661,1993,2024-06
68,69,"Naiditsch, Arkadij",GM,BUL,2661,1985,2024-06
69,70,"Sargissian, Gabriel",GM,ARM,2660,1983,2024-06
70,71,"Shirov, Alexei",GM,ESP,2660,1972,2024-06
71,72,"Korobov, Anton",GM,UKR,2659,1985,2024-06
72,73,"Gelfand, Boris",GM,ISR,2658,1968,2024-06
73,74,"Matlakov, Maxim",GM,RUS,2657,1991,2024-06
74,75,"Vallejo Pons, Francisco",GM,ESP,2657,1982,2024-06
75,76,"Morozevich, Alexander",GM,RUS,2655,1977,2024-06
76,77,"Christiansen, Johan-Sebastian",GM,NOR,2655,1998,2024-06
77,78,"Ponomariov, Ruslan",GM,UKR,2654,1983,2024-06
78,79,"Warmerdam, Max",GM,NED,2654,2000,2024-06
79,80,"Bjerre, Jonas Buhl",GM,DEN,2653,2004,2024-06
80,81,"Wang, Yue",GM,CHN,2652,1987,2024-06
81,82,"Mamedov, Rauf",GM,AZE,2651,1988,2024-06
82,83,"Murzin, Volodar",GM,FID,2650,2006,2024-06
83,84,"Grandelius, Nils",GM,SWE,2650,1993,2024-06
84,85,"Inarkiev, Ernesto",GM,RUS,2650,1985,2024-06
85,86,"Kryvoruchko, Yuriy",GM,UKR,2650,1986,2024-06
86,87,"Ni, Hua",GM,CHN,2649,1983,2024-06
87,88,"Chigaev, Maksim",GM,ESP,2648,1996,2024-06
88,89,"Kollars, Dmitrij",GM,GER,2648,1999,2024-06
89,90,"Nguyen, Thai Dai Van",GM,CZE,2647,2001,2024-06
90,91,"Bluebaum, Matthias",GM,GER,2647,1997,2024-06
91,92,"Melkumyan, Hrant",GM,ARM,2646,1989,2024-06
92,93,"Brkic, Ante",GM,CRO,2645,1988,2024-06
93,94,"Bartel, Mateusz",GM,POL,2645,1985,2024-06
94,95,"Li, Chao b",GM,CHN,2645,1989,2024-06
95,96,"Xiong, Jeffery",GM,USA,2645,2000,2024-06
96,97,"Liang, Awonder",GM,USA,2643,2003,2024-06
97,98,"Ma, Qun",GM,CHN,2643,1991,2024-06
98,99,"Tari, Aryan",GM,NOR,2642,1999,2024-06
99,100,"Malakhov, Vladimir",GM,FID,2642,1980,2024-06
0,1,"Carlsen, Magnus",GM,NOR,2832,1990,2024-07
1,2,"Nakamura, Hikaru",GM,USA,2802,1987,2024-07
2,3,"Caruana, Fabiano",GM,USA,2796,1992,2024-07
3,4,Erigaisi Arjun,GM,IND,2778,2003,2024-07
4,5,"Nepomniachtchi, Ian",GM,RUS,2770,1990,2024-07
5,6,"Abdusattorov, Nodirbek",GM,UZB,2769,2004,2024-07
6,7,Gukesh D,GM,IND,2763,2006,2024-07
7,8,Praggnanandhaa R,GM,IND,2757,2005,2024-07
8,9,"So, Wesley",GM,USA,2757,1993,2024-07
9,10,"Wei, Yi",GM,CHN,2755,1999,2024-07
10,11,"Anand, Viswanathan",GM,IND,2751,1969,2024-07
11,12,"Dominguez Perez, Leinier",GM,USA,2748,1983,2024-07
12,13,"Ding, Liren",GM,CHN,2745,1992,2024-07
13,14,"Giri, Anish",GM,NED,2745,1994,2024-07
14,15,"Firouzja, Alireza",GM,FRA,2744,2003,2024-07
15,16,"Duda, Jan-Krzysztof",GM,POL,2733,1998,2024-07
16,17,"Le, Quang Liem",GM,VIE,2731,1991,2024-07
17,18,"Aronian, Levon",GM,USA,2729,1982,2024-07
18,19,"Mamedyarov, Shakhriyar",GM,AZE,2726,1985,2024-07
19,20,"Maghsoodloo, Parham",GM,IRI,2725,2000,2024-07
20,21,"Keymer, Vincent",GM,GER,2721,2004,2024-07
21,22,"Vidit, Santosh Gujrathi",GM,IND,2720,1994,2024-07
22,23,"Yu, Yangyi",GM,CHN,2720,1994,2024-07
23,24,"Tabatabaei, M. Amin",GM,IRI,2718,2001,2024-07
24,25,"Vachier-Lagrave, Maxime",GM,FRA,2718,1990,2024-07
25,26,"Sarana, Alexey",GM,SRB,2717,2000,2024-07
26,27,"Rapport, Richard",GM,HUN,2715,1996,2024-07
27,28,"Grischuk, Alexander",GM,RUS,2708,1983,2024-07
28,29,"Aravindh, Chithambaram VR.",GM,IND,2703,1999,2024-07
29,30,"Niemann, Hans Moke",GM,USA,2703,2003,2024-07
30,31,"Wang, Hao",GM,CHN,2702,1989,2024-07
31,32,"Dubov, Daniil",GM,RUS,2701,1996,2024-07
32,33,"Robson, Ray",GM,USA,2700,1994,2024-07
33,34,"Radjabov, Teimour",GM,AZE,2700,1987,2024-07
34,35,"Svidler, Peter",GM,FID,2698,1976,2024-07
35,36,"Bu, Xiangzhi",GM,CHN,2697,1985,2024-07
36,37,"Harikrishna, Pentala",GM,IND,2695,1986,2024-07
37,38,"Artemiev, Vladislav",GM,RUS,2694,1998,2024-07
38,39,"Saric, Ivan",GM,CRO,2690,1990,2024-07
39,40,"Sevian, Samuel",GM,USA,2689,2000,2024-07
40,41,"Fedoseev, Vladimir",GM,SLO,2687,1995,2024-07
41,42,"Predke, Alexandr",GM,SRB,2685,1994,2024-07
42,43,"Kasimdzhanov, Rustam",GM,UZB,2685,1979,2024-07
43,44,"Deac, Bogdan-Daniel",GM,ROU,2683,2001,2024-07
44,45,"Shankland, Sam",GM,USA,2683,1991,2024-07
45,46,Nihal Sarin,GM,IND,2682,2004,2024-07
46,47,"Tomashevsky, Evgeny",GM,RUS,2681,1987,2024-07
47,48,"Wojtaszek, Radoslaw",GM,POL,2680,1987,2024-07
48,49,"Vitiugov, Nikita",GM,ENG,2678,1987,2024-07
49,50,"Bacrot, Etienne",GM,FRA,2677,1983,2024-07
50,51,"Alekseenko, Kirill",GM,AUT,2677,1997,2024-07
51,52,"Shevchenko, Kirill",GM,ROU,2676,2002,2024-07
52,53,"Howell, David W L",GM,ENG,2675,1990,2024-07
53,54,"Navara, David",GM,CZE,2674,1985,2024-07
54,55,"Sindarov, Javokhir",GM,UZB,2674,2005,2024-07
55,56,"Adams, Michael",GM,ENG,2672,1971,2024-07
56,57,"Eljanov, Pavel",GM,UKR,2672,1983,2024-07
57,58,"Van Foreest, Jorden",GM,NED,2671,1999,2024-07
58,59,"Esipenko, Andrey",GM,FID,2671,2002,2024-07
59,60,"Anton Guijarro, David",GM,ESP,2669,1995,2024-07
60,61,"Amin, Bassem",GM,EGY,2667,1988,2024-07
61,62,"Volokitin, Andrei",GM,UKR,2667,1986,2024-07
62,63,"Shirov, Alexei",GM,ESP,2665,1972,2024-07
63,64,"Warmerdam, Max",GM,NED,2663,2000,2024-07
64,65,"Oparin, Grigoriy",GM,USA,2662,1997,2024-07
65,66,"Martirosyan, Haik M.",GM,ARM,2661,2000,2024-07
66,67,"Grandelius, Nils",GM,SWE,2659,1993,2024-07
67,68,"Gelfand, Boris",GM,ISR,2658,1968,2024-07
68,69,"Vallejo Pons, Francisco",GM,ESP,2657,1982,2024-07
69,70,"Kollars, Dmitrij",GM,GER,2656,1999,2024-07
70,71,"Christiansen, Johan-Sebastian",GM,NOR,2655,1998,2024-07
71,72,"Morozevich, Alexander",GM,RUS,2655,1977,2024-07
72,73,"Korobov, Anton",GM,UKR,2654,1985,2024-07
73,74,"Ponomariov, Ruslan",GM,UKR,2654,1983,2024-07
74,75,"Bjerre, Jonas Buhl",GM,DEN,2653,2004,2024-07
75,76,"Mamedov, Rauf",GM,AZE,2652,1988,2024-07
76,77,"Wang, Yue",GM,CHN,2652,1987,2024-07
77,78,"Matlakov, Maxim",GM,RUS,2651,1991,2024-07
78,79,"Sjugirov, Sanan",GM,HUN,2651,1993,2024-07
79,80,"Inarkiev, Ernesto",GM,RUS,2650,1985,2024-07
80,81,"Kryvoruchko, Yuriy",GM,UKR,2650,1986,2024-07
81,82,"Sargsyan, Shant",GM,ARM,2649,2002,2024-07
82,83,"Ni, Hua",GM,CHN,2649,1983,2024-07
83,84,"Yakubboev, Nodirbek",GM,UZB,2648,2002,2024-07
84,85,"Liang, Awonder",GM,USA,2648,2003,2024-07
85,86,Narayanan S L,GM,IND,2648,1998,2024-07
86,87,"Pichot, Alan",GM,ESP,2647,1998,2024-07
87,88,"Nguyen, Thai Dai Van",GM,CZE,2647,2001,2024-07
88,89,"Xiong, Jeffery",GM,USA,2646,2000,2024-07
89,90,"Sargissian, Gabriel",GM,ARM,2646,1983,2024-07
90,91,"Melkumyan, Hrant",GM,ARM,2646,1989,2024-07
91,92,"Li, Chao b",GM,CHN,2645,1989,2024-07
92,93,"Sadhwani, Raunak",GM,IND,2644,2005,2024-07
93,94,"Bartel, Mateusz",GM,POL,2643,1985,2024-07
94,95,"Vokhidov, Shamsiddin",GM,UZB,2643,2002,2024-07
95,96,"Naiditsch, Arkadij",GM,BUL,2643,1985,2024-07
96,97,"Ma, Qun",GM,CHN,2643,1991,2024-07
97,98,"Malakhov, Vladimir",GM,FID,2642,1980,2024-07
98,99,"Bluebaum, Matthias",GM,GER,2640,1997,2024-07
99,100,"Jones, Gawain C B",GM,ENG,2640,1987,2024-07
0,1,"Carlsen, Magnus",GM,NOR,2832,1990,2024-08
1,2,"Nakamura, Hikaru",GM,USA,2802,1987,2024-08
2,3,"Caruana, Fabiano",GM,USA,2793,1992,2024-08
3,4,Erigaisi Arjun,GM,IND,2778,2003,2024-08
4,5,"Nepomniachtchi, Ian",GM,RUS,2767,1990,2024-08
5,6,Gukesh D,GM,IND,2766,2006,2024-08
6,7,"Abdusattorov, Nodirbek",GM,UZB,2762,2004,2024-08
7,8,"Wei, Yi",GM,CHN,2762,1999,2024-08
8,9,"Firouzja, Alireza",GM,FRA,2751,2003,2024-08
9,10,"So, Wesley",GM,USA,2751,1993,2024-08
10,11,"Anand, Viswanathan",GM,IND,2751,1969,2024-08
11,12,Praggnanandhaa R,GM,IND,2749,2005,2024-08
12,13,"Dominguez Perez, Leinier",GM,USA,2748,1983,2024-08
13,14,"Giri, Anish",GM,NED,2746,1994,2024-08
14,15,"Ding, Liren",GM,CHN,2745,1992,2024-08
15,16,"Le, Quang Liem",GM,VIE,2741,1991,2024-08
16,17,"Mamedyarov, Shakhriyar",GM,AZE,2733,1985,2024-08
17,18,"Duda, Jan-Krzysztof",GM,POL,2733,1998,2024-08
18,19,"Aronian, Levon",GM,USA,2729,1982,2024-08
19,20,"Maghsoodloo, Parham",GM,IRI,2723,2000,2024-08
20,21,"Vachier-Lagrave, Maxime",GM,FRA,2721,1990,2024-08
21,22,"Vidit, Santosh Gujrathi",GM,IND,2720,1994,2024-08
22,23,"Keymer, Vincent",GM,GER,2719,2004,2024-08
23,24,"Sarana, Alexey",GM,SRB,2717,2000,2024-08
24,25,"Rapport, Richard",GM,HUN,2715,1996,2024-08
25,26,"Tabatabaei, M. Amin",GM,IRI,2712,2001,2024-08
26,27,"Niemann, Hans Moke",GM,USA,2711,2003,2024-08
27,28,"Grischuk, Alexander",GM,RUS,2708,1983,2024-08
28,29,"Yu, Yangyi",GM,CHN,2703,1994,2024-08
29,30,"Wang, Hao",GM,CHN,2703,1989,2024-08
30,31,"Aravindh, Chithambaram VR.",GM,IND,2703,1999,2024-08
31,32,"Dubov, Daniil",GM,RUS,2701,1996,2024-08
32,33,"Robson, Ray",GM,USA,2700,1994,2024-08
33,34,"Radjabov, Teimour",GM,AZE,2700,1987,2024-08
34,35,"Artemiev, Vladislav",GM,RUS,2699,1998,2024-08
35,36,"Svidler, Peter",GM,FID,2698,1976,2024-08
36,37,"Van Foreest, Jorden",GM,NED,2696,1999,2024-08
37,38,"Bu, Xiangzhi",GM,CHN,2693,1985,2024-08
38,39,"Harikrishna, Pentala",GM,IND,2692,1986,2024-08
39,40,"Sevian, Samuel",GM,USA,2689,2000,2024-08
40,41,"Fedoseev, Vladimir",GM,SLO,2687,1995,2024-08
41,42,"Predke, Alexandr",GM,SRB,2685,1994,2024-08
42,43,"Kasimdzhanov, Rustam",GM,UZB,2685,1979,2024-08
43,44,"Deac, Bogdan-Daniel",GM,ROU,2683,2001,2024-08
44,45,"Tomashevsky, Evgeny",GM,RUS,2681,1987,2024-08
45,46,"Wojtaszek, Radoslaw",GM,POL,2680,1987,2024-08
46,47,"Alekseenko, Kirill",GM,AUT,2679,1997,2024-08
47,48,"Saric, Ivan",GM,CRO,2678,1990,2024-08
48,49,"Vitiugov, Nikita",GM,ENG,2678,1987,2024-08
49,50,"Bacrot, Etienne",GM,FRA,2677,1983,2024-08
50,51,"Warmerdam, Max",GM,NED,2676,2000,2024-08
51,52,"Howell, David W L",GM,ENG,2675,1990,2024-08
52,53,"Navara, David",GM,CZE,2674,1985,2024-08
53,54,"Sindarov, Javokhir",GM,UZB,2674,2005,2024-08
54,55,"Shevchenko, Kirill",GM,ROU,2673,2002,2024-08
55,56,"Adams, Michael",GM,ENG,2672,1971,2024-08
56,57,"Eljanov, Pavel",GM,UKR,2672,1983,2024-08
57,58,"Esipenko, Andrey",GM,FID,2671,2002,2024-08
58,59,"Shankland, Sam",GM,USA,2669,1991,2024-08
59,60,"Anton Guijarro, David",GM,ESP,2669,1995,2024-08
60,61,Nihal Sarin,GM,IND,2668,2004,2024-08
61,62,"Martirosyan, Haik M.",GM,ARM,2667,2000,2024-08
62,63,"Amin, Bassem",GM,EGY,2667,1988,2024-08
63,64,"Volokitin, Andrei",GM,UKR,2667,1986,2024-08
64,65,"Liang, Awonder",GM,USA,2666,2003,2024-08
65,66,"Shirov, Alexei",GM,ESP,2665,1972,2024-08
66,67,"Oparin, Grigoriy",GM,USA,2662,1997,2024-08
67,68,"Christiansen, Johan-Sebastian",GM,NOR,2659,1998,2024-08
68,69,"Gelfand, Boris",GM,ISR,2658,1968,2024-08
69,70,"Vallejo Pons, Francisco",GM,ESP,2657,1982,2024-08
70,71,"Kollars, Dmitrij",GM,GER,2656,1999,2024-08
71,72,"Yakubboev, Nodirbek",GM,UZB,2655,2002,2024-08
72,73,"Morozevich, Alexander",GM,RUS,2655,1977,2024-08
73,74,"Ponomariov, Ruslan",GM,UKR,2654,1983,2024-08
74,75,"Grandelius, Nils",GM,SWE,2653,1993,2024-08
75,76,"Sadhwani, Raunak",GM,IND,2653,2005,2024-08
76,77,"Salem, A.R. Saleh",GM,UAE,2652,1993,2024-08
77,78,"Sjugirov, Sanan",GM,HUN,2651,1993,2024-08
78,79,"Matlakov, Maxim",GM,RUS,2651,1991,2024-08
79,80,"Kryvoruchko, Yuriy",GM,UKR,2650,1986,2024-08
80,81,"Inarkiev, Ernesto",GM,RUS,2650,1985,2024-08
81,82,Narayanan S L,GM,IND,2649,1998,2024-08
82,83,"Puranik, Abhimanyu",GM,IND,2649,2000,2024-08
83,84,"Sargsyan, Shant",GM,ARM,2649,2002,2024-08
84,85,"Ni, Hua",GM,CHN,2649,1983,2024-08
85,86,"Korobov, Anton",GM,UKR,2648,1985,2024-08
86,87,"Ivanchuk, Vasyl",GM,UKR,2648,1969,2024-08
87,88,"Bjerre, Jonas Buhl",GM,DEN,2648,2004,2024-08
88,89,"Nguyen, Thai Dai Van",GM,CZE,2647,2001,2024-08
89,90,"Sargissian, Gabriel",GM,ARM,2646,1983,2024-08
90,91,"Xiong, Jeffery",GM,USA,2646,2000,2024-08
91,92,"Vokhidov, Shamsiddin",GM,UZB,2643,2002,2024-08
92,93,"Naiditsch, Arkadij",GM,BUL,2643,1985,2024-08
93,94,"Brkic, Ante",GM,CRO,2642,1988,2024-08
94,95,"Malakhov, Vladimir",GM,FID,2642,1980,2024-08
95,96,"Murzin, Volodar",GM,FID,2641,2006,2024-08
96,97,"Jones, Gawain C B",GM,ENG,2640,1987,2024-08
97,98,"Bluebaum, Matthias",GM,GER,2640,1997,2024-08
98,99,"Pichot, Alan",GM,ESP,2638,1998,2024-08
99,100,"Ma, Qun",GM,CHN,2638,1991,2024-08
0,1,"Carlsen, Magnus",GM,NOR,2832,1990,2024-09
1,2,"Nakamura, Hikaru",GM,USA,2802,1987,2024-09
2,3,"Caruana, Fabiano",GM,USA,2798,1992,2024-09
3,4,Erigaisi Arjun,GM,IND,2778,2003,2024-09
4,5,"Firouzja, Alireza",GM,FRA,2767,2003,2024-09
5,6,"Abdusattorov, Nodirbek",GM,UZB,2766,2004,2024-09
6,7,Gukesh D,GM,IND,2764,2006,2024-09
7,8,"Wei, Yi",GM,CHN,2762,1999,2024-09
8,9,"Nepomniachtchi, Ian",GM,RUS,2755,1990,2024-09
9,10,"So, Wesley",GM,USA,2752,1993,2024-09
10,11,"Anand, Viswanathan",GM,IND,2751,1969,2024-09
11,12,Praggnanandhaa R,GM,IND,2750,2005,2024-09
12,13,"Dominguez Perez, Leinier",GM,USA,2748,1983,2024-09
13,14,"Le, Quang Liem",GM,VIE,2741,1991,2024-09
14,15,"Ding, Liren",GM,CHN,2736,1992,2024-09
15,16,"Niemann, Hans Moke",GM,USA,2733,2003,2024-09
16,17,"Mamedyarov, Shakhriyar",GM,AZE,2733,1985,2024-09
17,18,"Duda, Jan-Krzysztof",GM,POL,2732,1998,2024-09
18,19,"Vachier-Lagrave, Maxime",GM,FRA,2731,1990,2024-09
19,20,"Keymer, Vincent",GM,GER,2730,2004,2024-09
20,21,"Aronian, Levon",GM,USA,2729,1982,2024-09
21,22,"Giri, Anish",GM,NED,2724,1994,2024-09
22,23,"Maghsoodloo, Parham",GM,IRI,2723,2000,2024-09
23,24,"Vidit, Santosh Gujrathi",GM,IND,2720,1994,2024-09
24,25,"Rapport, Richard",GM,HUN,2715,1996,2024-09
25,26,"Tabatabaei, M. Amin",GM,IRI,2714,2001,2024-09
26,27,"Sarana, Alexey",GM,SRB,2713,2000,2024-09
27,28,"Wang, Hao",GM,CHN,2703,1989,2024-09
28,29,"Yu, Yangyi",GM,CHN,2703,1994,2024-09
29,30,"Artemiev, Vladislav",GM,RUS,2701,1998,2024-09
30,31,"Radjabov, Teimour",GM,AZE,2700,1987,2024-09
31,32,"Robson, Ray",GM,USA,2700,1994,2024-09
32,33,"Aravindh, Chithambaram VR.",GM,IND,2698,1999,2024-09
33,34,"Svidler, Peter",GM,FID,2698,1976,2024-09
34,35,"Van Foreest, Jorden",GM,NED,2696,1999,2024-09
35,36,"Dubov, Daniil",GM,RUS,2693,1996,2024-09
36,37,"Bu, Xiangzhi",GM,CHN,2693,1985,2024-09
37,38,"Fedoseev, Vladimir",GM,SLO,2692,1995,2024-09
38,39,"Grischuk, Alexander",GM,RUS,2689,1983,2024-09
39,40,"Sevian, Samuel",GM,USA,2689,2000,2024-09
40,41,"Harikrishna, Pentala",GM,IND,2686,1986,2024-09
41,42,"Kasimdzhanov, Rustam",GM,UZB,2685,1979,2024-09
42,43,"Wojtaszek, Radoslaw",GM,POL,2681,1987,2024-09
43,44,"Navara, David",GM,CZE,2681,1985,2024-09
44,45,"Tomashevsky, Evgeny",GM,RUS,2681,1987,2024-09
45,46,"Deac, Bogdan-Daniel",GM,ROU,2680,2001,2024-09
46,47,"Warmerdam, Max",GM,NED,2679,2000,2024-09
47,48,"Alekseenko, Kirill",GM,AUT,2679,1997,2024-09
48,49,"Esipenko, Andrey",GM,FID,2677,2002,2024-09
49,50,"Shankland, Sam",GM,USA,2677,1991,2024-09
50,51,"Howell, David W L",GM,ENG,2677,1990,2024-09
51,52,"Sindarov, Javokhir",GM,UZB,2677,2005,2024-09
52,53,"Vitiugov, Nikita",GM,ENG,2676,1987,2024-09
53,54,"Saric, Ivan",GM,CRO,2673,1990,2024-09
54,55,"Shevchenko, Kirill",GM,ROU,2673,2002,2024-09
55,56,"Eljanov, Pavel",GM,UKR,2672,1983,2024-09
56,57,"Predke, Alexandr",GM,SRB,2671,1994,2024-09
57,58,"Liang, Awonder",GM,USA,2671,2003,2024-09
58,59,Nihal Sarin,GM,IND,2668,2004,2024-09
59,60,"Martirosyan, Haik M.",GM,ARM,2667,2000,2024-09
60,61,"Yakubboev, Nodirbek",GM,UZB,2666,2002,2024-09
61,62,"Shirov, Alexei",GM,ESP,2666,1972,2024-09
62,63,"Anton Guijarro, David",GM,ESP,2665,1995,2024-09
63,64,"Bacrot, Etienne",GM,FRA,2665,1983,2024-09
64,65,"Oparin, Grigoriy",GM,USA,2662,1997,2024-09
65,66,"Adams, Michael",GM,ENG,2661,1971,2024-09
66,67,"Christiansen, Johan-Sebastian",GM,NOR,2661,1998,2024-09
67,68,"Volokitin, Andrei",GM,UKR,2660,1986,2024-09
68,69,"Sadhwani, Raunak",GM,IND,2659,2005,2024-09
69,70,"Kollars, Dmitrij",GM,GER,2659,1999,2024-09
70,71,"Gelfand, Boris",GM,ISR,2658,1968,2024-09
71,72,"Vallejo Pons, Francisco",GM,ESP,2657,1982,2024-09
72,73,"Morozevich, Alexander",GM,RUS,2655,1977,2024-09
73,74,"Ponomariov, Ruslan",GM,UKR,2654,1983,2024-09
74,75,"Grandelius, Nils",GM,SWE,2653,1993,2024-09
75,76,"Vokhidov, Shamsiddin",GM,UZB,2650,2002,2024-09
76,77,"Korobov, Anton",GM,UKR,2650,1985,2024-09
77,78,"Inarkiev, Ernesto",GM,RUS,2650,1985,2024-09
78,79,"Sargsyan, Shant",GM,ARM,2649,2002,2024-09
79,80,"Ni, Hua",GM,CHN,2649,1983,2024-09
80,81,"Murzin, Volodar",GM,FID,2648,2006,2024-09
81,82,"Bjerre, Jonas Buhl",GM,DEN,2648,2004,2024-09
82,83,"Nguyen, Thai Dai Van",GM,CZE,2647,2001,2024-09
83,84,"Jones, Gawain C B",GM,ENG,2646,1987,2024-09
84,85,"Sargissian, Gabriel",GM,ARM,2646,1983,2024-09
85,86,"Xiong, Jeffery",GM,USA,2646,2000,2024-09
86,87,"Sjugirov, Sanan",GM,HUN,2644,1993,2024-09
87,88,"Naiditsch, Arkadij",GM,BUL,2643,1985,2024-09
88,89,"Kryvoruchko, Yuriy",GM,UKR,2643,1986,2024-09
89,90,"Tari, Aryan",GM,NOR,2642,1999,2024-09
90,91,"Brkic, Ante",GM,CRO,2642,1988,2024-09
91,92,"Malakhov, Vladimir",GM,FID,2642,1980,2024-09
92,93,"Svane, Frederik",GM,GER,2640,2004,2024-09
93,94,Narayanan S L,GM,IND,2640,1998,2024-09
94,95,"Bluebaum, Matthias",GM,GER,2640,1997,2024-09
95,96,"Puranik, Abhimanyu",GM,IND,2639,2000,2024-09
96,97,"Donchenko, Alexander",GM,GER,2638,1998,2024-09
97,98,"Ma, Qun",GM,CHN,2638,1991,2024-09
98,99,"Najer, Evgeniy",GM,FID,2637,1977,2024-09
99,100,"Wang, Yue",GM,CHN,2637,1987,2024-09
0,1,"Carlsen, Magnus",GM,NOR,2831,1990,2024-10
1,2,"Nakamura, Hikaru",GM,USA,2802,1987,2024-10
2,3,Erigaisi Arjun,GM,IND,2797,2003,2024-10
3,4,"Caruana, Fabiano",GM,USA,2796,1992,2024-10
4,5,Gukesh D,GM,IND,2794,2006,2024-10
5,6,"Abdusattorov, Nodirbek",GM,UZB,2783,2004,2024-10
6,7,"Firouzja, Alireza",GM,FRA,2767,2003,2024-10
7,8,"Wei, Yi",GM,CHN,2763,1999,2024-10
8,9,"Nepomniachtchi, Ian",GM,RUS,2755,1990,2024-10
9,10,"So, Wesley",GM,USA,2751,1993,2024-10
10,11,"Anand, Viswanathan",GM,IND,2751,1969,2024-10
11,12,Praggnanandhaa R,GM,IND,2746,2005,2024-10
12,13,"Dominguez Perez, Leinier",GM,USA,2741,1983,2024-10
13,14,"Duda, Jan-Krzysztof",GM,POL,2740,1998,2024-10
14,15,"Le, Quang Liem",GM,VIE,2739,1991,2024-10
15,16,"Aronian, Levon",GM,USA,2738,1982,2024-10
16,17,"Vachier-Lagrave, Maxime",GM,FRA,2735,1990,2024-10
17,18,"Mamedyarov, Shakhriyar",GM,AZE,2733,1985,2024-10
18,19,"Niemann, Hans Moke",GM,USA,2733,2003,2024-10
19,20,"Giri, Anish",GM,NED,2728,1994,2024-10
20,21,"Ding, Liren",GM,CHN,2728,1992,2024-10
21,22,"Vidit, Santosh Gujrathi",GM,IND,2726,1994,2024-10
22,23,"Rapport, Richard",GM,HUN,2721,1996,2024-10
23,24,"Keymer, Vincent",GM,GER,2721,2004,2024-10
24,25,"Maghsoodloo, Parham",GM,IRI,2719,2000,2024-10
25,26,"Sarana, Alexey",GM,SRB,2717,2000,2024-10
26,27,"Yu, Yangyi",GM,CHN,2717,1994,2024-10
27,28,"Wang, Hao",GM,CHN,2703,1989,2024-10
28,29,"Tabatabaei, M. Amin",GM,IRI,2702,2001,2024-10
29,30,"Artemiev, Vladislav",GM,RUS,2701,1998,2024-10
30,31,"Radjabov, Teimour",GM,AZE,2700,1987,2024-10
31,32,"Fedoseev, Vladimir",GM,SLO,2698,1995,2024-10
32,33,"Aravindh, Chithambaram VR.",GM,IND,2698,1999,2024-10
33,34,"Svidler, Peter",GM,FID,2698,1976,2024-10
34,35,"Van Foreest, Jorden",GM,NED,2697,1999,2024-10
35,36,"Robson, Ray",GM,USA,2693,1994,2024-10
36,37,"Dubov, Daniil",GM,RUS,2693,1996,2024-10
37,38,"Deac, Bogdan-Daniel",GM,ROU,2691,2001,2024-10
38,39,"Bu, Xiangzhi",GM,CHN,2690,1985,2024-10
39,40,"Grischuk, Alexander",GM,RUS,2689,1983,2024-10
40,41,"Sevian, Samuel",GM,USA,2689,2000,2024-10
41,42,"Harikrishna, Pentala",GM,IND,2688,1986,2024-10
42,43,"Kasimdzhanov, Rustam",GM,UZB,2685,1979,2024-10
43,44,"Navara, David",GM,CZE,2683,1985,2024-10
44,45,"Tomashevsky, Evgeny",GM,RUS,2681,1987,2024-10
45,46,"Alekseenko, Kirill",GM,AUT,2679,1997,2024-10
46,47,"Predke, Alexandr",GM,SRB,2677,1994,2024-10
47,48,"Liang, Awonder",GM,USA,2677,2003,2024-10
48,49,"Shankland, Sam",GM,USA,2677,1991,2024-10
49,50,"Esipenko, Andrey",GM,FID,2677,2002,2024-10
50,51,"Martirosyan, Haik M.",GM,ARM,2676,2000,2024-10
51,52,"Wojtaszek, Radoslaw",GM,POL,2673,1987,2024-10
52,53,"Howell, David W L",GM,ENG,2673,1990,2024-10
53,54,"Saric, Ivan",GM,CRO,2673,1990,2024-10
54,55,"Eljanov, Pavel",GM,UKR,2672,1983,2024-10
55,56,"Sindarov, Javokhir",GM,UZB,2668,2005,2024-10
56,57,"Vokhidov, Shamsiddin",GM,UZB,2668,2002,2024-10
57,58,Nihal Sarin,GM,IND,2668,2004,2024-10
58,59,"Anton Guijarro, David",GM,ESP,2667,1995,2024-10
59,60,"Vitiugov, Nikita",GM,ENG,2667,1987,2024-10
60,61,"Leko, Peter",GM,HUN,2666,1979,2024-10
61,62,"Nguyen, Thai Dai Van",GM,CZE,2663,2001,2024-10
62,63,"Adams, Michael",GM,ENG,2662,1971,2024-10
63,64,"Oparin, Grigoriy",GM,USA,2662,1997,2024-10
64,65,"Korobov, Anton",GM,UKR,2660,1985,2024-10
65,66,"Sadhwani, Raunak",GM,IND,2659,2005,2024-10
66,67,"Bacrot, Etienne",GM,FRA,2658,1983,2024-10
67,68,"Gelfand, Boris",GM,ISR,2658,1968,2024-10
68,69,"Shevchenko, Kirill",GM,ROU,2656,2002,2024-10
69,70,"Sargsyan, Shant",GM,ARM,2655,2002,2024-10
70,71,"Svane, Frederik",GM,GER,2655,2004,2024-10
71,72,"Ponomariov, Ruslan",GM,UKR,2655,1983,2024-10
72,73,"Shirov, Alexei",GM,ESP,2655,1972,2024-10
73,74,"Morozevich, Alexander",GM,RUS,2655,1977,2024-10
74,75,"Yakubboev, Nodirbek",GM,UZB,2654,2002,2024-10
75,76,"Warmerdam, Max",GM,NED,2653,2000,2024-10
76,77,"Vallejo Pons, Francisco",GM,ESP,2653,1982,2024-10
77,78,"Christiansen, Johan-Sebastian",GM,NOR,2650,1998,2024-10
78,79,"Grandelius, Nils",GM,SWE,2650,1993,2024-10
79,80,"Bjerre, Jonas Buhl",GM,DEN,2650,2004,2024-10
80,81,"Inarkiev, Ernesto",GM,RUS,2650,1985,2024-10
81,82,"Ni, Hua",GM,CHN,2649,1983,2024-10
82,83,"Volokitin, Andrei",GM,UKR,2648,1986,2024-10
83,84,"Murzin, Volodar",GM,FID,2648,2006,2024-10
84,85,"Kollars, Dmitrij",GM,GER,2647,1999,2024-10
85,86,"Nguyen, Ngoc Truong Son",GM,VIE,2646,1990,2024-10
86,87,"Bluebaum, Matthias",GM,GER,2646,1997,2024-10
87,88,"Xiong, Jeffery",GM,USA,2646,2000,2024-10
88,89,"Pichot, Alan",GM,ESP,2644,1998,2024-10
89,90,"Mamedov, Rauf",GM,AZE,2643,1988,2024-10
90,91,"Kryvoruchko, Yuriy",GM,UKR,2643,1986,2024-10
91,92,"Malakhov, Vladimir",GM,FID,2642,1980,2024-10
92,93,"Sargissian, Gabriel",GM,ARM,2640,1983,2024-10
93,94,"Wang, Yue",GM,CHN,2640,1987,2024-10
94,95,Narayanan S L,GM,IND,2640,1998,2024-10
95,96,"Gledura, Benjamin",GM,HUN,2639,1999,2024-10
96,97,"Jones, Gawain C B",GM,ENG,2639,1987,2024-10
97,98,"Puranik, Abhimanyu",GM,IND,2639,2000,2024-10
98,99,"Ma, Qun",GM,CHN,2638,1991,2024-10
99,100,"Najer, Evgeniy",GM,FID,2637,1977,2024-10
0,1,"Carlsen, Magnus",GM,NOR,2831,1990,2024-11
1,2,"Caruana, Fabiano",GM,USA,2805,1992,2024-11
2,3,"Nakamura, Hikaru",GM,USA,2802,1987,2024-11
3,4,Erigaisi Arjun,GM,IND,2799,2003,2024-11
4,5,Gukesh D,GM,IND,2783,2006,2024-11
5,6,"Abdusattorov, Nodirbek",GM,UZB,2777,2004,2024-11
6,7,"Firouzja, Alireza",GM,FRA,2763,2003,2024-11
7,8,"Nepomniachtchi, Ian",GM,RUS,2755,1990,2024-11
8,9,"Wei, Yi",GM,CHN,2753,1999,2024-11
9,10,"Anand, Viswanathan",GM,IND,2750,1969,2024-11
10,11,"So, Wesley",GM,USA,2747,1993,2024-11
11,12,"Dominguez Perez, Leinier",GM,USA,2741,1983,2024-11
12,13,"Duda, Jan-Krzysztof",GM,POL,2740,1998,2024-11
13,14,"Aronian, Levon",GM,USA,2739,1982,2024-11
14,15,"Vidit, Santosh Gujrathi",GM,IND,2739,1994,2024-11
15,16,"Le, Quang Liem",GM,VIE,2739,1991,2024-11
16,17,"Mamedyarov, Shakhriyar",GM,AZE,2738,1985,2024-11
17,18,Praggnanandhaa R,GM,IND,2737,2005,2024-11
18,19,"Vachier-Lagrave, Maxime",GM,FRA,2737,1990,2024-11
19,20,"Niemann, Hans Moke",GM,USA,2734,2003,2024-11
20,21,"Keymer, Vincent",GM,GER,2733,2004,2024-11
21,22,"Giri, Anish",GM,NED,2733,1994,2024-11
22,23,"Ding, Liren",GM,CHN,2728,1992,2024-11
23,24,"Yu, Yangyi",GM,CHN,2724,1994,2024-11
24,25,"Rapport, Richard",GM,HUN,2721,1996,2024-11
25,26,"Topalov, Veselin",GM,BUL,2717,1975,2024-11
26,27,"Fedoseev, Vladimir",GM,SLO,2712,1995,2024-11
27,28,"Maghsoodloo, Parham",GM,IRI,2712,2000,2024-11
28,29,"Aravindh, Chithambaram VR.",GM,IND,2706,1999,2024-11
29,30,"Wang, Hao",GM,CHN,2703,1989,2024-11
30,31,"Artemiev, Vladislav",GM,RUS,2701,1998,2024-11
31,32,"Robson, Ray",GM,USA,2700,1994,2024-11
32,33,"Radjabov, Teimour",GM,AZE,2698,1987,2024-11
33,34,"Svidler, Peter",GM,FID,2698,1976,2024-11
34,35,"Sevian, Samuel",GM,USA,2696,2000,2024-11
35,36,"Andreikin, Dmitry",GM,FID,2695,1990,2024-11
36,37,"Harikrishna, Pentala",GM,IND,2695,1986,2024-11
37,38,"Dubov, Daniil",GM,RUS,2693,1996,2024-11
38,39,"Grischuk, Alexander",GM,RUS,2689,1983,2024-11
39,40,"Deac, Bogdan-Daniel",GM,ROU,2687,2001,2024-11
40,41,"Van Foreest, Jorden",GM,NED,2687,1999,2024-11
41,42,"Liang, Awonder",GM,USA,2687,2003,2024-11
42,43,"Tabatabaei, M. Amin",GM,IRI,2686,2001,2024-11
43,44,"Kasimdzhanov, Rustam",GM,UZB,2685,1979,2024-11
44,45,"Bu, Xiangzhi",GM,CHN,2684,1985,2024-11
45,46,"Sindarov, Javokhir",GM,UZB,2682,2005,2024-11
46,47,"Esipenko, Andrey",GM,FID,2682,2002,2024-11
47,48,"Vokhidov, Shamsiddin",GM,UZB,2681,2002,2024-11
48,49,"Sarana, Alexey",GM,SRB,2679,2000,2024-11
49,50,"Sadhwani, Raunak",GM,IND,2677,2005,2024-11
50,51,Nihal Sarin,GM,IND,2676,2004,2024-11
51,52,"Martirosyan, Haik M.",GM,ARM,2676,2000,2024-11
52,53,"Navara, David",GM,CZE,2674,1985,2024-11
53,54,"Alekseenko, Kirill",GM,AUT,2673,1997,2024-11
54,55,"Howell, David W L",GM,ENG,2673,1990,2024-11
55,56,"Eljanov, Pavel",GM,UKR,2672,1983,2024-11
56,57,"Shankland, Sam",GM,USA,2672,1991,2024-11
57,58,"Anton Guijarro, David",GM,ESP,2671,1995,2024-11
58,59,"Nguyen, Thai Dai Van",GM,CZE,2670,2001,2024-11
59,60,"Saric, Ivan",GM,CRO,2668,1990,2024-11
60,61,"Vitiugov, Nikita",GM,ENG,2668,1987,2024-11
61,62,"Yakubboev, Nodirbek",GM,UZB,2668,2002,2024-11
62,63,"Leko, Peter",GM,HUN,2666,1979,2024-11
63,64,"Murzin, Volodar",GM,FID,2664,2006,2024-11
64,65,"Adams, Michael",GM,ENG,2662,1971,2024-11
65,66,"Christiansen, Johan-Sebastian",GM,NOR,2661,1998,2024-11
66,67,"Wojtaszek, Radoslaw",GM,POL,2658,1987,2024-11
67,68,"Gelfand, Boris",GM,ISR,2657,1968,2024-11
68,69,"Sargsyan, Shant",GM,ARM,2655,2002,2024-11
69,70,"Morozevich, Alexander",GM,RUS,2655,1977,2024-11
70,71,"Bluebaum, Matthias",GM,GER,2654,1997,2024-11
71,72,"Svane, Frederik",GM,GER,2654,2004,2024-11
72,73,"Bjerre, Jonas Buhl",GM,DEN,2654,2004,2024-11
73,74,"Oparin, Grigoriy",GM,USA,2653,1997,2024-11
74,75,"Shevchenko, Kirill",GM,ROU,2653,2002,2024-11
75,76,"Ponomariov, Ruslan",GM,UKR,2653,1983,2024-11
76,77,"Bacrot, Etienne",GM,FRA,2653,1983,2024-11
77,78,"Warmerdam, Max",GM,NED,2653,2000,2024-11
78,79,"Puranik, Abhimanyu",GM,IND,2652,2000,2024-11
79,80,"Predke, Alexandr",GM,SRB,2652,1994,2024-11
80,81,"Gledura, Benjamin",GM,HUN,2652,1999,2024-11
81,82,"Mamedov, Rauf",GM,AZE,2651,1988,2024-11
82,83,"Inarkiev, Ernesto",GM,RUS,2650,1985,2024-11
83,84,"Volokitin, Andrei",GM,UKR,2649,1986,2024-11
84,85,"Pichot, Alan",GM,ESP,2649,1998,2024-11
85,86,"Sjugirov, Sanan",GM,HUN,2649,1993,2024-11
86,87,"Ni, Hua",GM,CHN,2649,1983,2024-11
87,88,Narayanan S L,GM,IND,2647,1998,2024-11
88,89,"Amin, Bassem",GM,EGY,2647,1988,2024-11
89,90,"Shirov, Alexei",GM,ESP,2646,1972,2024-11
90,91,"Nguyen, Ngoc Truong Son",GM,VIE,2646,1990,2024-11
91,92,"Grandelius, Nils",GM,SWE,2645,1993,2024-11
92,93,"Malakhov, Vladimir",GM,FID,2642,1980,2024-11
93,94,"Kollars, Dmitrij",GM,GER,2641,1999,2024-11
94,95,"Ivanchuk, Vasyl",GM,UKR,2640,1969,2024-11
95,96,"Wang, Yue",GM,CHN,2640,1987,2024-11
96,97,"Sargissian, Gabriel",GM,ARM,2640,1983,2024-11
97,98,"Jones, Gawain C B",GM,ENG,2639,1987,2024-11
98,99,"Vallejo Pons, Francisco",GM,ESP,2638,1982,2024-11
99,100,"Ma, Qun",GM,CHN,2638,1991,2024-11
0,1,"Carlsen, Magnus",GM,NOR,2831,1990,2024-12
1,2,"Caruana, Fabiano",GM,USA,2805,1992,2024-12
2,3,"Nakamura, Hikaru",GM,USA,2802,1987,2024-12
3,4,Erigaisi Arjun,GM,IND,2801,2003,2024-12
4,5,Gukesh D,GM,IND,2783,2006,2024-12
5,6,"Abdusattorov, Nodirbek",GM,UZB,2777,2004,2024-12
6,7,"Firouzja, Alireza",GM,FRA,2763,2003,2024-12
7,8,"Nepomniachtchi, Ian",GM,RUS,2755,1990,2024-12
8,9,"Wei, Yi",GM,CHN,2753,1999,2024-12
9,10,"Anand, Viswanathan",GM,IND,2750,1969,2024-12
10,11,"Aronian, Levon",GM,USA,2747,1982,2024-12
11,12,"So, Wesley",GM,USA,2747,1993,2024-12
12,13,"Dominguez Perez, Leinier",GM,USA,2741,1983,2024-12
13,14,"Duda, Jan-Krzysztof",GM,POL,2740,1998,2024-12
14,15,"Le, Quang Liem",GM,VIE,2739,1991,2024-12
15,16,"Mamedyarov, Shakhriyar",GM,AZE,2738,1985,2024-12
16,17,Praggnanandhaa R,GM,IND,2737,2005,2024-12
17,18,"Niemann, Hans Moke",GM,USA,2734,2003,2024-12
18,19,"Giri, Anish",GM,NED,2733,1994,2024-12
19,20,"Keymer, Vincent",GM,GER,2733,2004,2024-12
20,21,"Vachier-Lagrave, Maxime",GM,FRA,2731,1990,2024-12
21,22,"Ding, Liren",GM,CHN,2728,1992,2024-12
22,23,"Vidit, Santosh Gujrathi",GM,IND,2727,1994,2024-12
23,24,"Yu, Yangyi",GM,CHN,2724,1994,2024-12
24,25,"Rapport, Richard",GM,HUN,2721,1996,2024-12
25,26,"Aravindh, Chithambaram VR.",GM,IND,2718,1999,2024-12
26,27,"Topalov, Veselin",GM,BUL,2717,1975,2024-12
27,28,"Fedoseev, Vladimir",GM,SLO,2709,1995,2024-12
28,29,"Maghsoodloo, Parham",GM,IRI,2703,2000,2024-12
29,30,"Wang, Hao",GM,CHN,2703,1989,2024-12
30,31,"Artemiev, Vladislav",GM,RUS,2701,1998,2024-12
31,32,"Robson, Ray",GM,USA,2700,1994,2024-12
32,33,"Radjabov, Teimour",GM,AZE,2698,1987,2024-12
33,34,"Svidler, Peter",GM,FID,2698,1976,2024-12
34,35,"Deac, Bogdan-Daniel",GM,ROU,2696,2001,2024-12
35,36,"Sevian, Samuel",GM,USA,2696,2000,2024-12
36,37,"Tabatabaei, M. Amin",GM,IRI,2695,2001,2024-12
37,38,"Andreikin, Dmitry",GM,FID,2695,1990,2024-12
38,39,"Harikrishna, Pentala",GM,IND,2695,1986,2024-12
39,40,"Dubov, Daniil",GM,RUS,2693,1996,2024-12
40,41,"Grischuk, Alexander",GM,RUS,2689,1983,2024-12
41,42,"Liang, Awonder",GM,USA,2687,2003,2024-12
42,43,"Kasimdzhanov, Rustam",GM,UZB,2685,1979,2024-12
43,44,"Bu, Xiangzhi",GM,CHN,2684,1985,2024-12
44,45,"Esipenko, Andrey",GM,FID,2682,2002,2024-12
45,46,"Sindarov, Javokhir",GM,UZB,2682,2005,2024-12
46,47,"Vokhidov, Shamsiddin",GM,UZB,2681,2002,2024-12
47,48,"Van Foreest, Jorden",GM,NED,2677,1999,2024-12
48,49,Nihal Sarin,GM,IND,2676,2004,2024-12
49,50,"Sarana, Alexey",GM,SRB,2674,2000,2024-12
50,51,"Sadhwani, Raunak",GM,IND,2673,2005,2024-12
51,52,"Anton Guijarro, David",GM,ESP,2673,1995,2024-12
52,53,"Nguyen, Thai Dai Van",GM,CZE,2673,2001,2024-12
53,54,"Alekseenko, Kirill",GM,AUT,2673,1997,2024-12
54,55,"Howell, David W L",GM,ENG,2673,1990,2024-12
55,56,"Shankland, Sam",GM,USA,2672,1991,2024-12
56,57,"Saric, Ivan",GM,CRO,2669,1990,2024-12
57,58,"Svane, Frederik",GM,GER,2668,2004,2024-12
58,59,"Vitiugov, Nikita",GM,ENG,2668,1987,2024-12
59,60,"Yakubboev, Nodirbek",GM,UZB,2668,2002,2024-12
60,61,"Eljanov, Pavel",GM,UKR,2667,1983,2024-12
61,62,"Leko, Peter",GM,HUN,2666,1979,2024-12
62,63,"Navara, David",GM,CZE,2665,1985,2024-12
63,64,"Murzin, Volodar",GM,FID,2664,2006,2024-12
64,65,"Adams, Michael",GM,ENG,2662,1971,2024-12
65,66,"Christiansen, Johan-Sebastian",GM,NOR,2661,1998,2024-12
66,67,"Wojtaszek, Radoslaw",GM,POL,2658,1987,2024-12
67,68,"Gelfand, Boris",GM,ISR,2657,1968,2024-12
68,69,"Mamedov, Rauf",GM,AZE,2656,1988,2024-12
69,70,"Martirosyan, Haik M.",GM,ARM,2656,2000,2024-12
70,71,"Morozevich, Alexander",GM,RUS,2655,1977,2024-12
71,72,"Gledura, Benjamin",GM,HUN,2653,1999,2024-12
72,73,"Shevchenko, Kirill",GM,ROU,2653,2002,2024-12
73,74,"Oparin, Grigoriy",GM,USA,2653,1997,2024-12
74,75,"Amin, Bassem",GM,EGY,2652,1988,2024-12
75,76,"Bluebaum, Matthias",GM,GER,2650,1997,2024-12
76,77,"Inarkiev, Ernesto",GM,RUS,2650,1985,2024-12
77,78,"Ni, Hua",GM,CHN,2649,1983,2024-12
78,79,"Volokitin, Andrei",GM,UKR,2649,1986,2024-12
79,80,"Indjic, Aleksandar",GM,SRB,2647,1995,2024-12
80,81,"Shirov, Alexei",GM,ESP,2647,1972,2024-12
81,82,Narayanan S L,GM,IND,2647,1998,2024-12
82,83,"Sjugirov, Sanan",GM,HUN,2646,1993,2024-12
83,84,"Sargsyan, Shant",GM,ARM,2646,2002,2024-12
84,85,"Cheparinov, Ivan",GM,BUL,2646,1986,2024-12
85,86,"Puranik, Abhimanyu",GM,IND,2646,2000,2024-12
86,87,"Nguyen, Ngoc Truong Son",GM,VIE,2646,1990,2024-12
87,88,"Bacrot, Etienne",GM,FRA,2645,1983,2024-12
88,89,"Warmerdam, Max",GM,NED,2643,2000,2024-12
89,90,"Bjerre, Jonas Buhl",GM,DEN,2642,2004,2024-12
90,91,"Mendonca, Leon Luke",GM,IND,2642,2006,2024-12
91,92,"Malakhov, Vladimir",GM,FID,2642,1980,2024-12
92,93,"Grandelius, Nils",GM,SWE,2641,1993,2024-12
93,94,"Yuffa, Daniil",GM,ESP,2640,1997,2024-12
94,95,"Wang, Yue",GM,CHN,2640,1987,2024-12
95,96,"Dardha, Daniel",GM,BEL,2639,2005,2024-12
96,97,"Jones, Gawain C B",GM,ENG,2639,1987,2024-12
97,98,"Kollars, Dmitrij",GM,GER,2638,1999,2024-12
98,99,"Ma, Qun",GM,CHN,2638,1991,2024-12
99,100,"Vallejo Pons, Francisco",GM,ESP,2638,1982,2024-12
